loss,epoch
3.1106008210601064,1
2.6208656081106314,2
2.49738266416277,3
2.431616606332928,4
2.3889080748798075,5
