loss,epoch
1.4629535783641214,1
1.2427528193839126,2
1.2040875321737678,3
1.1848848138980228,4
1.1739919810732355,5
1.166527862041496,6
1.1617128538938677,7
1.1583437094006732,8
1.1562919951875055,9
1.1553536697924973,10
