loss,accuracy,val_loss,val_accuracy,epoch
2.753546118142986,0.3611122667789459,2.8558746862556434,0.3598358631134033,1
